train_loss,train_accuracy,epoch
0.3585739731788635,0.8554285714285714,1
0.31185904145240784,0.8713142857142857,2
0.18943992257118225,0.9297714285714286,3
0.17755001783370972,0.9345714285714286,4
0.143507182598114,0.9521714285714286,5
