train_loss,train_accuracy,epoch
0.3851169943809509,0.8255883526126845,1
0.1469840109348297,0.9469485440765856,2
0.060113683342933655,0.981651376146789,3
0.043746158480644226,0.9876346230554448,4
0.028343264013528824,0.993019545273235,5
0.020221099257469177,0.9950139609094535,6
0.01776430942118168,0.9959114479457519,7
