train_loss,train_accuracy,epoch
0.42825937271118164,0.8094335859593139,1
0.122398242354393,0.9560231352213802,2
0.0694599524140358,0.9773633825289191,3
0.06482348591089249,0.9803550059832469,4
0.0330968014895916,0.9902273633825289,5
0.02892225608229637,0.9923214998005584,6
0.0278574600815773,0.9923214998005584,7
