train_loss,train_accuracy,epoch
0.3630389869213104,0.8458857142857142,1
0.5293458700180054,0.7962857142857143,2
0.20563530921936035,0.9232,3
0.17156630754470825,0.9342857142857143,4
0.11485151946544647,0.9618857142857142,5
0.12081951647996902,0.9602285714285714,6
0.0942358672618866,0.9725142857142857,7
