train_loss,train_accuracy,epoch
0.6981014609336853,0.5,1
0.6887937188148499,0.5465142857142857,2
0.6647962331771851,0.5871428571428572,3
0.6401728987693787,0.6272571428571428,4
0.6323364973068237,0.6405714285714286,5
