train_loss,train_accuracy,epoch
0.44563835859298706,0.7996,1
0.32582995295524597,0.8573142857142857,2
0.5652586817741394,0.8122857142857143,3
0.3130694329738617,0.8665142857142857,4
0.1729310005903244,0.9385142857142857,5
