train_loss,train_accuracy,epoch
0.7019385695457458,0.5,1
0.6375740766525269,0.6469714285714285,2
0.7430697083473206,0.5414285714285715,3
0.5865086317062378,0.6842285714285714,4
0.5722874999046326,0.7056,5
