train_loss,train_accuracy,epoch
0.6766361594200134,0.6560630235341045,1
0.16631199419498444,0.9332867969684883,2
0.09038149565458298,0.968986836856801,3
0.03847537934780121,0.987235739928201,4
0.05818414315581322,0.9814519345831672,5
0.02527235634624958,0.9938173115277223,6
0.01895507425069809,0.9950139609094535,7
