train_loss,train_accuracy,epoch
0.6961796879768372,0.5347028320702034,1
0.7173642516136169,0.5347028320702034,2
0.7084348797798157,0.4652971679297966,3
0.6455698609352112,0.6293378540087754,4
0.5733890533447266,0.6874750698045473,5
0.5356079936027527,0.7225767850019944,6
0.4176572561264038,0.8062425209413642,7
