train_loss,train_accuracy,epoch
0.7029446363449097,0.5,1
0.6871305108070374,0.5369714285714285,2
0.6431761980056763,0.6113142857142857,3
0.6054609417915344,0.6629142857142857,4
0.5665068030357361,0.7121142857142857,5
