train_loss,train_accuracy,epoch
0.4346940517425537,0.7905863581970483,1
0.2324170023202896,0.8950937375349023,2
0.07879654318094254,0.9717790187475069,3
0.04958672821521759,0.9842441164738731,4
0.02687660977244377,0.991523733546071,5
0.02230902947485447,0.9952134024730754,6
0.021757913753390312,0.9947147985640208,7
