train_loss,train_accuracy,epoch
0.6959903836250305,0.5347028320702034,1
0.7267028093338013,0.5347028320702034,2
0.70790696144104,0.4652971679297966,3
0.6910141110420227,0.5347028320702034,4
0.6637091636657715,0.5902473075388911,5
0.6525810956954956,0.6286398085360989,6
0.578873336315155,0.6967491025129637,7
