train_loss,train_accuracy,epoch
0.42932647466659546,0.8200571428571428,1
0.2586764097213745,0.902,2
0.1972082257270813,0.9302285714285714,3
0.1688953936100006,0.9405142857142857,4
0.1555635929107666,0.9461142857142857,5
