train_loss,train_accuracy,epoch
0.38942229747772217,0.8304571428571429,1
0.5259105563163757,0.7953142857142858,2
0.22812379896640778,0.9118857142857143,3
0.27042824029922485,0.8909142857142858,4
0.1397729218006134,0.9534285714285714,5
