train_loss,train_accuracy,epoch
0.6957557201385498,0.5347028320702034,1
0.7284810543060303,0.5347028320702034,2
0.7062985897064209,0.4652971679297966,3
0.6541925668716431,0.6065017949740726,4
0.5954431891441345,0.6714200239329876,5
0.5350849628448486,0.7253689668927005,6
0.44896867871284485,0.788193059433586,7
