train_loss,train_accuracy,epoch
0.4713464379310608,0.7699441563621858,1
0.21681413054466248,0.9210211408057439,2
0.07223565876483917,0.9747706422018348,3
0.06664621829986572,0.9773633825289191,4
0.034760404378175735,0.9907259672915836,5
0.02296445704996586,0.9951136816912645,6
0.019563373178243637,0.9957120063821301,7
