train_loss,train_accuracy,epoch
0.41520386934280396,0.8215428571428571,1
0.26625990867614746,0.8960571428571429,2
0.25927600264549255,0.8986285714285714,3
0.20140217244625092,0.9231428571428572,4
0.14534012973308563,0.9507428571428571,5
