train_loss,train_accuracy,epoch
0.429766446352005,0.7937142857142857,1
0.2608507573604584,0.8961714285714286,2
0.17588859796524048,0.9365142857142857,3
0.13051633536815643,0.9550285714285714,4
0.22021640837192535,0.9127428571428572,5
0.15573959052562714,0.9470285714285714,6
0.09494569897651672,0.9731428571428572,7
