train_loss,train_accuracy,epoch
0.4758622646331787,0.7742321499800559,1
0.19792941212654114,0.919425608296769,2
0.0638989508152008,0.9769644994016753,3
0.030193999409675598,0.9900279218189071,4
0.020828308537602425,0.9940167530913442,5
0.022367622703313828,0.9939170323095333,6
0.015201105736196041,0.9963103310729956,7
