train_loss,train_accuracy,epoch
0.5634100437164307,0.7036,1
0.3070204555988312,0.8734857142857143,2
0.22029626369476318,0.918,3
0.18523690104484558,0.9350857142857143,4
0.1703449785709381,0.9401714285714285,5
