train_loss,train_accuracy,epoch
0.6975127458572388,0.5,1
0.6996833682060242,0.5,2
0.6947181820869446,0.5,3
0.3686852753162384,0.8684,4
0.2866380512714386,0.8854285714285715,5
0.20833143591880798,0.9270857142857143,6
0.18752838671207428,0.9390285714285714,7
