train_loss,train_accuracy,epoch
0.5065258145332336,0.7504,1
0.3437291085720062,0.8457714285714286,2
0.2386067509651184,0.9088,3
0.18886607885360718,0.9308,4
0.1776539534330368,0.9358857142857143,5
