train_loss,train_accuracy,epoch
0.7004784345626831,0.5004,1
0.6677034497261047,0.5888571428571429,2
0.6587927937507629,0.5993142857142857,3
0.6370280981063843,0.6329142857142858,4
0.6348101496696472,0.6351428571428571,5
