train_loss,train_accuracy,epoch
0.6981655955314636,0.5347028320702034,1
0.7217143774032593,0.5347028320702034,2
0.7045065760612488,0.4652971679297966,3
0.6857829093933105,0.5447746310331073,4
0.6337019801139832,0.6259473474272038,5
0.6232927441596985,0.6535700039888312,6
0.5136619210243225,0.7474072596729159,7
