train_loss,train_accuracy,epoch
0.7121560573577881,0.5,1
0.7065413594245911,0.5049142857142858,2
0.6166200637817383,0.6799428571428572,3
0.5895346999168396,0.6902285714285714,4
0.5838393568992615,0.6963428571428572,5
