train_loss,train_accuracy,epoch
0.4333024322986603,0.793777423214998,1
0.11765294522047043,0.9569206222576785,2
0.06545376032590866,0.9798564020741922,3
0.057647332549095154,0.9839449541284404,4
0.04486822709441185,0.987335460710012,5
0.025546934455633163,0.9939170323095333,6
0.029802454635500908,0.9921220582369366,7
