train_loss,train_accuracy,epoch
0.6180139183998108,0.6707219784603111,1
0.22625140845775604,0.9054646988432389,2
0.09805681556463242,0.9684882329477463,3
0.07957466691732407,0.9737734343837255,4
0.047986894845962524,0.9865376944555245,5
0.06362182646989822,0.9836457917830076,6
0.04590941220521927,0.9892301555644196,7
