train_loss,train_accuracy,epoch
0.7041626572608948,0.5,1
0.6758337020874023,0.5532,2
0.6269931197166443,0.6546857142857143,3
0.6156919598579407,0.6586285714285715,4
0.5941064953804016,0.6812,5
