train_loss,train_accuracy,epoch
0.4956686794757843,0.7650857142857143,1
0.2552907168865204,0.8993142857142857,2
0.1989387422800064,0.928,3
0.16900686919689178,0.9437714285714286,4
0.15342794358730316,0.9483428571428572,5
