train_loss,train_accuracy,epoch
0.38857609033584595,0.8200039888312725,1
0.12556912004947662,0.9545273234942162,2
0.14103509485721588,0.9512365376944555,3
0.04885272681713104,0.9837455125648185,4
0.05241355672478676,0.9842441164738731,5
0.03433857858181,0.9893298763462306,6
0.018258189782500267,0.9954128440366973,7
