train_loss,train_accuracy,epoch
0.4016866683959961,0.8111288392500997,1
0.18856863677501678,0.9296968488232947,2
0.05738511681556702,0.9825488631830873,3
0.07633399963378906,0.9788591942560829,4
0.03534107655286789,0.990127642600718,5
0.02439199388027191,0.9933187076186677,6
0.02065948210656643,0.9945153570003988,7
