train_loss,train_accuracy,epoch
0.40100282430648804,0.8273714285714285,1
0.2331060767173767,0.9101714285714285,2
0.25793594121932983,0.9073714285714286,3
0.15598733723163605,0.9484,4
0.13392581045627594,0.9697142857142858,5
0.13842636346817017,0.9695428571428572,6
0.11013898253440857,0.9773142857142857,7
