train_loss,train_accuracy,epoch
0.5955402851104736,0.7289589150378939,1
0.3607335388660431,0.847427203829278,2
0.056671034544706345,0.9810530514559234,3
0.03216644749045372,0.9899282010370961,4
0.045041169971227646,0.9874351814918229,5
0.015682151541113853,0.9956122856003191,6
0.01287127286195755,0.9970083765456721,7
