train_loss,train_accuracy,epoch
0.4976440966129303,0.7489030714000797,1
0.3154946565628052,0.8633825289190267,2
0.05477786436676979,0.9799561228560032,3
0.03798265755176544,0.9868368568009573,4
0.023118535056710243,0.9926206621459912,5
0.018143808469176292,0.9951136816912645,6
0.015456157736480236,0.9960111687275628,7
