train_loss,train_accuracy,epoch
0.45859986543655396,0.7955723972875948,1
0.11811969429254532,0.9602114080574392,2
0.06783604621887207,0.9764658954926206,3
0.07820260524749756,0.9796569605105704,4
0.04283244162797928,0.9878340646190666,5
0.028327710926532745,0.9919226166733147,6
0.029224608093500137,0.9918228958915037,7
