train_loss,train_accuracy,epoch
0.6997421383857727,0.5347028320702034,1
0.7180982828140259,0.5347028320702034,2
0.707421064376831,0.4652971679297966,3
0.6520412564277649,0.5970283207020343,4
0.583948016166687,0.6743119266055045,5
0.5177250504493713,0.7338452333466294,6
0.4257056415081024,0.80364978061428,7
