train_loss,train_accuracy,epoch
0.7003812193870544,0.5,1
0.7148939967155457,0.5070285714285714,2
0.6975075006484985,0.5528571428571428,3
0.5857791900634766,0.6896571428571429,4
0.5796530246734619,0.6962285714285714,5
