train_loss,train_accuracy,epoch
0.35935789346694946,0.8497714285714286,1
0.2678256630897522,0.8944,2
0.1942816525697708,0.9284,3
0.16167613863945007,0.9442857142857143,4
0.15352869033813477,0.9481714285714286,5
