train_loss,train_accuracy,epoch
0.38867461681365967,0.8370857142857143,1
0.26398056745529175,0.8972,2
0.2121095061302185,0.9202285714285714,3
0.20492030680179596,0.9226285714285715,4
0.15327025949954987,0.9479428571428572,5
