train_loss,train_accuracy,epoch
0.520645260810852,0.7468089349820503,1
0.3260112404823303,0.8456322297566813,2
0.0981607437133789,0.9672915835660152,3
0.0626635029911995,0.9792580773833267,4
0.050403982400894165,0.9841443956920622,5
0.04474691301584244,0.9881332269644995,6
0.03651602193713188,0.9907259672915836,7
