train_loss,train_accuracy,epoch
0.5267823338508606,0.7296569605105704,1
0.17556367814540863,0.9270043877143996,2
0.09847897291183472,0.9677901874750698,3
0.04715246707201004,0.9853410450737934,4
0.03518174588680267,0.9884323893099322,5
0.017517423257231712,0.9952134024730754,6
0.01975257322192192,0.994415636218588,7
