train_loss,train_accuracy,epoch
0.6969672441482544,0.5347028320702034,1
0.720590353012085,0.5347028320702034,2
0.7038047313690186,0.4652971679297966,3
0.6732342839241028,0.5788791384124452,4
0.6149463057518005,0.6522736338252892,5
0.594779372215271,0.6789988033506182,6
0.49807286262512207,0.7568807339449541,7
