train_loss,train_accuracy,epoch
0.5923621654510498,0.7248,1
0.43836453557014465,0.8251428571428572,2
0.3136542737483978,0.8892,3
0.15231679379940033,0.9467428571428571,4
0.161669060587883,0.9417714285714286,5
0.11360763013362885,0.9649142857142857,6
0.10192970186471939,0.9709142857142857,7
