train_loss,train_accuracy,epoch
0.4189867675304413,0.8170857142857143,1
0.24896612763404846,0.9059428571428572,2
0.3021995425224304,0.8673714285714286,3
0.16118067502975464,0.9434857142857143,4
0.1553700864315033,0.9462285714285714,5
