train_loss,train_accuracy,epoch
0.5134087204933167,0.7841045073793379,1
0.16840475797653198,0.9386717191862785,2
0.09609212726354599,0.9685879537295572,3
0.0505208820104599,0.9843438372556841,4
0.03838939592242241,0.9882329477463103,5
0.031392376869916916,0.9916234543278819,6
0.03092389553785324,0.9925209413641803,7
