train_loss,train_accuracy,epoch
0.35339492559432983,0.8491428571428571,1
0.27140629291534424,0.8886285714285714,2
0.3366696834564209,0.8691428571428571,3
0.16234426200389862,0.9414285714285714,4
0.1554850935935974,0.9446285714285715,5
