train_loss,train_accuracy,epoch
0.48405903577804565,0.7769714285714285,1
0.2521510422229767,0.9048,2
0.30780303478240967,0.8841142857142857,3
0.16217032074928284,0.9443428571428572,4
0.14737607538700104,0.9512,5
