train_loss,train_accuracy,epoch
0.4211122691631317,0.8149714285714286,1
0.25992029905319214,0.8955428571428572,2
0.3904705047607422,0.8417714285714286,3
0.16533899307250977,0.9413142857142857,4
0.15367744863033295,0.9481142857142857,5
