train_loss,train_accuracy,epoch
0.43368372321128845,0.7987634623055445,1
0.2637678384780884,0.9136418029517351,2
0.07066982239484787,0.9780614280015956,3
0.06982237100601196,0.9810530514559234,4
0.04873189330101013,0.9866374152373355,5
0.03724649176001549,0.990127642600718,6
0.034986499696969986,0.9902273633825289,7
