train_loss,train_accuracy,epoch
0.5161401033401489,0.730155564419625,1
0.15165065228939056,0.943458316713203,2
0.12130875140428543,0.9631033107299561,3
0.04101312905550003,0.987235739928201,4
0.05153985694050789,0.9840446749102513,5
0.036389514803886414,0.9895293179098524,6
0.028546279296278954,0.9935181491822895,7
