train_loss,train_accuracy,epoch
0.6944190263748169,0.5347028320702034,1
0.7134106755256653,0.5347028320702034,2
0.7157589793205261,0.4653968887116075,3
0.7316953539848328,0.5462704427602713,4
0.532710611820221,0.7252692461108895,5
0.48413515090942383,0.7610690067810132,6
0.3949921131134033,0.8214000797766254,7
