train_loss,train_accuracy,epoch
0.5826929211616516,0.6975428571428571,1
0.46895909309387207,0.7714285714285715,2
0.5888643264770508,0.7201142857142857,3
0.3334244191646576,0.8551428571428571,4
0.25974926352500916,0.8985714285714286,5
