train_loss,train_accuracy,epoch
0.5296309590339661,0.7279617072197846,1
0.3613482415676117,0.8165137614678899,2
0.1632867306470871,0.9460510570402872,3
0.03617369383573532,0.9879337854008775,4
0.023588761687278748,0.992919824491424,5
0.017830979079008102,0.9950139609094535,6
0.017507337033748627,0.9952134024730754,7
