train_loss,train_accuracy,epoch
0.37981951236724854,0.8362285714285714,1
0.25916746258735657,0.9029142857142857,2
0.1893932968378067,0.9309714285714286,3
0.16485989093780518,0.9444,4
0.1481131911277771,0.9499428571428571,5
