train_loss,train_accuracy,epoch
0.5749673247337341,0.6957142857142857,1
0.5123776793479919,0.7416,2
0.5390216112136841,0.7598285714285714,3
0.3125004172325134,0.8696,4
0.26533082127571106,0.8961714285714286,5
