train_loss,train_accuracy,epoch
0.4582308828830719,0.7808571428571428,1
0.29894521832466125,0.8764571428571428,2
0.19033321738243103,0.9288,3
0.16505256295204163,0.9394857142857143,4
0.1431354433298111,0.9507428571428571,5
