train_loss,train_accuracy,epoch
0.7055099606513977,0.5,1
0.6888590455055237,0.5048571428571429,2
0.6627678275108337,0.5870285714285715,3
0.6328911781311035,0.6413714285714286,4
0.6245030164718628,0.6545142857142857,5
