train_loss,train_accuracy,epoch
0.4351958930492401,0.8054447546868767,1
0.1585007607936859,0.9472477064220184,2
0.0725402981042862,0.9770642201834863,3
0.054074421525001526,0.9810530514559234,4
0.09154939651489258,0.9776625448743518,5
0.02776501327753067,0.9925209413641803,6
0.027919530868530273,0.9926206621459912,7
