train_loss,train_accuracy,epoch
0.7140539884567261,0.5,1
0.6802449822425842,0.5451428571428572,2
0.7143885493278503,0.5530285714285714,3
0.5820537805557251,0.6972,4
0.5765580534934998,0.6993142857142857,5
