train_loss,train_accuracy,epoch
0.6978443264961243,0.5347028320702034,1
0.7312340140342712,0.5347028320702034,2
0.7060003876686096,0.4652971679297966,3
0.6730616688728333,0.5766852812126048,4
0.6705948114395142,0.6156761069006781,5
0.5498748421669006,0.7107100119664939,6
0.4696778357028961,0.7776226565616274,7
