train_loss,train_accuracy,epoch
0.6961304545402527,0.5347028320702034,1
0.7066313028335571,0.5347028320702034,2
0.7229858636856079,0.4652971679297966,3
0.6082103848457336,0.6519744714798564,4
0.5458738207817078,0.7079178300757878,5
0.4677695035934448,0.769844435580375,6
0.39336487650871277,0.8186078978859195,7
