train_loss,train_accuracy,epoch
0.33417463302612305,0.8604571428571428,1
0.2443816363811493,0.9047428571428572,2
0.38239195942878723,0.8350285714285715,3
0.14422324299812317,0.9509714285714286,4
0.17120049893856049,0.9425142857142857,5
0.10760731995105743,0.9661714285714286,6
0.10272067785263062,0.9701714285714286,7
