train_loss,train_accuracy,epoch
0.4313930869102478,0.7989629038691664,1
0.12901671230793,0.9517351416035101,2
0.06365329027175903,0.9779617072197846,3
0.03512712940573692,0.9877343438372557,4
0.03534923866391182,0.9898284802552852,5
0.02027854323387146,0.993019545273235,6
0.021697353571653366,0.994415636218588,7
