train_loss,train_accuracy,epoch
0.5139199495315552,0.7422217790187475,1
0.13573932647705078,0.9552253689668927,2
0.05563400685787201,0.9814519345831672,3
0.09817761182785034,0.9718787395293179,4
0.044704265892505646,0.9877343438372557,5
0.019025329500436783,0.9953131232548863,6
0.015617620199918747,0.9964100518548066,7
