train_loss,train_accuracy,epoch
0.5844748020172119,0.7050285714285714,1
0.35669243335723877,0.8493714285714286,2
0.26934945583343506,0.8957714285714286,3
0.22596201300621033,0.9160571428571429,4
0.21588356792926788,0.9216571428571428,5
