train_loss,train_accuracy,epoch
0.715437650680542,0.5,1
0.6454979777336121,0.6249142857142858,2
0.711849570274353,0.564,3
0.6086350679397583,0.6653714285714286,4
0.5715469717979431,0.7021142857142857,5
