train_loss,train_accuracy,epoch
0.36318889260292053,0.85,1
0.26715219020843506,0.8947428571428572,2
0.19102852046489716,0.9289142857142857,3
0.18083447217941284,0.9340571428571428,4
0.1494511067867279,0.9488,5
