train_loss,train_accuracy,epoch
0.36442407965660095,0.8457142857142858,1
0.3091655671596527,0.8711428571428571,2
0.3273412585258484,0.8715428571428572,3
0.190177321434021,0.9310857142857143,4
0.1503048837184906,0.9479428571428572,5
