train_loss,train_accuracy,epoch
0.6284026503562927,0.6529716792979657,1
0.12153860181570053,0.9566214599122457,2
0.08032823354005814,0.9714798564020742,3
0.04361267015337944,0.9868368568009573,4
0.07299766689538956,0.9782608695652174,5
0.028958411887288094,0.9925209413641803,6
0.029609935358166695,0.992919824491424,7
