train_loss,train_accuracy,epoch
0.6940988302230835,0.5347028320702034,1
0.7163757085800171,0.5347028320702034,2
0.713459849357605,0.4652971679297966,3
0.7155949473381042,0.5458715596330275,4
0.5497984290122986,0.7100119664938173,5
0.5384933948516846,0.7235739928201037,6
0.41087907552719116,0.8102313522138014,7
