train_loss,train_accuracy,epoch
0.7159292697906494,0.5,1
0.7112759351730347,0.5223428571428571,2
0.6455338001251221,0.6245714285714286,3
0.6398405432701111,0.6300571428571429,4
0.6225097179412842,0.6538857142857143,5
