train_loss,train_accuracy,epoch
0.6958709359169006,0.5347028320702034,1
0.7173761129379272,0.5347028320702034,2
0.7121074795722961,0.4652971679297966,3
0.7657096982002258,0.5376944555245313,4
0.5187640190124512,0.7381332269644995,5
0.5748909115791321,0.7114080574391703,6
0.40046122670173645,0.8119266055045872,7
