train_loss,train_accuracy,epoch
0.5573931932449341,0.7270857142857143,1
0.40205082297325134,0.8242857142857143,2
0.5671268105506897,0.7177142857142857,3
0.3159492015838623,0.8620571428571429,4
0.26458069682121277,0.8950285714285714,5
