train_loss,train_accuracy,epoch
0.697515070438385,0.5,1
0.694428026676178,0.5172571428571429,2
0.6187859773635864,0.6662857142857143,3
0.5975051522254944,0.6733714285714286,4
0.5779097080230713,0.7011428571428572,5
