train_loss,train_accuracy,epoch
0.37054237723350525,0.8344635021938572,1
0.1798771768808365,0.9270043877143996,2
0.08191429078578949,0.9724770642201835,3
0.0837632566690445,0.974670921420024,4
0.036406274884939194,0.9885321100917431,5
0.021396227180957794,0.9942161946549661,6
0.020198611542582512,0.9945153570003988,7
