train_loss,train_accuracy,epoch
0.4182897210121155,0.8086285714285715,1
0.23868398368358612,0.9061714285714285,2
0.20006486773490906,0.9245142857142857,3
0.25154197216033936,0.9048,4
0.1495630294084549,0.9496,5
