train_loss,train_accuracy,epoch
0.6067373752593994,0.6876,1
0.48744508624076843,0.7622285714285715,2
0.3977169990539551,0.8324,3
0.36272868514060974,0.8424571428571429,4
0.32239121198654175,0.8649142857142857,5
