train_loss,train_accuracy,epoch
0.6437324285507202,0.6130857142857142,1
0.5158759355545044,0.7352571428571428,2
0.4464368224143982,0.7946285714285715,3
0.3504452705383301,0.8556571428571429,4
0.32443931698799133,0.8648,5
