train_loss,train_accuracy,epoch
0.6081939339637756,0.6853142857142858,1
0.4631481170654297,0.7702285714285714,2
0.331777423620224,0.8659428571428571,3
0.2752019762992859,0.8883428571428571,4
0.21188174188137054,0.9230857142857143,5
