train_loss,train_accuracy,epoch
0.4061353802680969,0.8088352612684483,1
0.17963522672653198,0.9286996410051854,2
0.0680660530924797,0.9761667331471878,3
0.05288716405630112,0.9834463502193858,4
0.05023737624287605,0.9852413242919824,5
0.018910948187112808,0.994315915436777,6
0.02569512464106083,0.992919824491424,7
