train_loss,train_accuracy,epoch
0.46718207001686096,0.7797714285714286,1
0.5003668665885925,0.7534285714285714,2
0.4634134769439697,0.8181714285714285,3
0.17517469823360443,0.9353142857142858,4
0.1238870918750763,0.9592571428571428,5
0.10801789164543152,0.9662285714285714,6
0.10780392587184906,0.9660571428571428,7
