train_loss,train_accuracy,epoch
0.5976719856262207,0.7378857142857143,1
0.3894115388393402,0.8312,2
0.1914501190185547,0.9339428571428572,3
0.1671753227710724,0.9422285714285714,4
0.14624424278736115,0.9519428571428571,5
