train_loss,train_accuracy,epoch
0.616744339466095,0.6645714285714286,1
0.5286672711372375,0.7278285714285714,2
0.412161648273468,0.8229142857142857,3
0.35062143206596375,0.8510857142857143,4
0.3256361186504364,0.8648571428571429,5
