train_loss,train_accuracy,epoch
0.711348831653595,0.6416035101715197,1
0.14709290862083435,0.9461507778220981,2
0.12605664134025574,0.9536298364579179,3
0.04122435301542282,0.9870362983645792,4
0.039898812770843506,0.9880335061826885,5
0.022673465311527252,0.9936178699641005,6
0.017763283103704453,0.9952134024730754,7
