train_loss,train_accuracy,epoch
0.6953189373016357,0.5347028320702034,1
0.7183172702789307,0.5347028320702034,2
0.7067227363586426,0.4652971679297966,3
0.7860442996025085,0.5370961308336657,4
0.5805668830871582,0.6767052253689669,5
0.5081302523612976,0.7433187076186677,6
0.40885964035987854,0.8100319106501795,7
