train_loss,train_accuracy,epoch
0.5557716488838196,0.7158857142857142,1
0.36511164903640747,0.8452,2
0.32865414023399353,0.8607428571428571,3
0.2781006693840027,0.8872,4
0.21235863864421844,0.922,5
