train_loss,train_accuracy,epoch
0.4609992504119873,0.8132,1
0.24574176967144012,0.9098857142857143,2
0.1768530160188675,0.9393142857142858,3
0.1554301232099533,0.9487428571428571,4
0.1674066185951233,0.9532571428571428,5
