train_loss,train_accuracy,epoch
0.4020242989063263,0.826,1
0.22539237141609192,0.9175428571428571,2
0.1808968186378479,0.9412,3
0.14824549853801727,0.9535428571428571,4
0.15730683505535126,0.958,5
