train_loss,train_accuracy,epoch
0.4058203399181366,0.8191428571428572,1
0.2503155469894409,0.9030285714285714,2
0.20875026285648346,0.9233714285714286,3
0.16799026727676392,0.9399428571428572,4
0.14466965198516846,0.9509142857142857,5
