train_loss,train_accuracy,epoch
0.3980543315410614,0.8220981252493019,1
0.3243997395038605,0.8579976067012366,2
0.08308172971010208,0.9733745512564819,3
0.0665012076497078,0.9785600319106502,4
0.053085967898368835,0.9852413242919824,5
0.02714836597442627,0.9931192660550459,6
0.026338499039411545,0.9933187076186677,7
